#broadcast group,Raw 'sitename' variable from player metadata,Viewing Station,Broadcaster Group station,description,servicecode,N,Player Id
1,bbcios,,70001,,10001,N,001
1,bbcandroid,,70001,,10002,N,001
1,bbcdotcom,,70001,,10003,N,001
1,bbciostest,,70001,,10004,N,001
1,bbcandroidtest,,70001,,10005,N,001
1,bbcdotcomtest,,70001,,10006,N,001
1,bbc,,70001,,10007,N,001
1,iplayertest,,70001,,10008,N,001
1,bbctest,,70001,,10009,N,001
1,iplayer,,70001,,10010,N,001
1,kidsiplayer,,70001,,10011,N,001
2,itvios,,70002,,20001,N,002
2,itvplayer,,70002,,20002,N,002
2,itvandroid,,70002,,20003,N,002
2,itvdotcom,,70002,,20004,N,002
2,itviostest,,70002,,20005,N,002
2,itvandroidtest,,70002,,20006,N,002
111,player-ios,,70007,,20007,N,007
111,player-android,,70007,,20008,N,007
111,stvandroid,,70007,,20009,N,007
111,stvdotcom,,70007,,20010,N,007
2,utvdotcom,,70002,,20011,N,002
2,itv,,70002,,20013,N,002
111,stvios,,70007,,20014,N,007
2,itvplayertest,,70002,,20015,N,002
2,itvdotcomtest,,70002,,20016,N,002
111,player-iostest,,70007,,20017,N,007
111,player-androidtest,,70007,,20018,N,007
111,stvandroidtest,,70007,,20019,N,007
111,stvdotcomtest,,70007,,20020,N,007
2,utvdotcomtest,,70002,,20021,N,002
2,itvtest,,70002,,20022,N,002
111,stviostest,,70007,,20023,N,007
3,c4ios,,70003,,30001,N,003
3,c4android,,70003,,30002,N,003
3,c4dotcom,,70003,,30003,N,003
3,c4iostest,,70003,,30004,N,003
3,c4androidtest,,70003,,30005,N,003
3,4oD,,70003,,30006,N,003
3,c4dotcomtest,,70003,,30007,N,003
3,4oDtest,,70003,,30008,N,003
4,demand5,,70004,,40001,N,004
4,c5ios,,70004,,40002,N,004
4,c5android,,70004,,40003,N,004
4,c5dotcom,,70004,,40004,N,004
4,demand5test,,70004,,40005,N,004
4,c5iostest,,70004,,40006,N,004
4,c5androidtest,,70004,,40007,N,004
4,c5dotcomtest,,70004,,40008,N,004
4,my5,,70004,,40009,N,004
5,skygo,,70005,,50001,N,005
5,skyios,,70005,,50002,N,005
5,skyandroid,,70005,,50003,N,005
5,skydotcom,,70005,,50004,N,005
5,skygotest,,70005,,50005,N,005
5,skyiostest,,70005,,50006,N,005
5,skyandroidtest,,70005,,50007,N,005
5,skydotcomtest,,70005,,50008,N,005
5,skyps,,70005,,50009,N,005
5,skypstest,,70005,,50010,N,005
57,s4cios,,70008,,57001,N,008
57,s4cdotcom,,70008,,57002,N,008
57,s4ciostest,,70008,,57003,N,008
57,s4cdotcomtest,,70008,,57004,N,008
63,uktvdotcom,,70006,,63001,N,006
63,uktvios,,70006,,63002,N,006
63,uktvandroid,,70006,,63003,N,006
63,uktvdotcomtest,,70006,,63004,N,006
63,uktviostest,,70006,,63005,N,006
63,uktvandroidtest,,70006,,63006,N,006
63,BrightcovePlayer,,70006,,63007,N,006
63,uktv-play,,70006,,63008,N,006